proceso,t_s,cpu_pct,rss_mb,hilos,conexiones,cpu_sistema_pct,ram_sistema_pct
contacthub,1.0,94.9,150.1,7,2,0.0,6.3
contacthub,2.0,99.7,207.4,7,2,26.5,6.5
contacthub,3.01,100.7,186.5,7,2,25.9,6.5
contacthub,4.01,100.6,197.7,7,2,28.4,6.5
contacthub,5.01,79.8,225.6,8,3,26.2,6.6
contacthub,6.02,43.9,229.5,10,5,14.5,6.7
contacthub,7.02,36.9,229.9,10,5,14.0,6.7
contacthub,8.02,39.9,216.7,10,5,11.0,6.6
contacthub,9.03,42.9,217.5,10,5,12.6,6.5
contacthub,10.03,32.9,217.5,10,5,13.0,6.5
contacthub,11.03,21.9,217.6,10,1,8.7,6.5
contacthub,12.03,1.0,217.6,10,1,3.7,6.5
contacthub,13.04,96.7,231.6,16,1,28.1,6.5
contacthub,14.04,0.0,231.6,16,1,5.2,6.5
contacthub,15.04,39.9,248.3,26,21,16.1,6.5
contacthub,16.05,158.5,233.8,26,21,44.1,6.3
contacthub,17.05,15.9,230.0,26,1,10.2,6.2
contacthub,18.05,0.0,230.0,26,1,1.3,6.2
contacthub,19.06,138.6,241.8,36,31,38.4,6.3
contacthub,20.06,168.4,242.5,36,31,44.4,6.3
contacthub,21.06,57.8,240.8,36,1,15.6,6.2
contacthub,22.06,0.0,240.8,36,1,1.2,6.2
contacthub,23.07,101.7,259.3,46,41,32.2,6.4
contacthub,24.07,170.4,260.7,46,41,44.5,6.4
contacthub,25.07,166.4,260.9,46,41,42.2,6.4
contacthub,26.08,23.9,261.0,46,1,10.6,6.4
contacthub,27.08,1.0,261.0,46,1,0.7,6.4
contacthub,28.08,124.6,281.7,50,51,35.7,6.5
contacthub,29.09,172.1,282.1,50,51,47.4,6.5
contacthub,30.09,164.4,282.3,50,51,41.8,6.5
contacthub,31.1,61.8,282.4,50,1,20.0,6.5
contacthub,32.1,0.0,282.4,50,1,0.7,6.5
contacthub,33.1,12.0,282.4,50,61,6.5,6.5
contacthub,34.11,0.0,282.4,50,61,4.0,6.6
contacthub,35.11,0.0,282.4,50,61,1.5,6.6
contacthub,36.11,0.0,282.4,50,61,4.7,6.6
contacthub,37.12,0.0,282.4,50,61,0.5,6.5
contacthub,38.12,0.0,282.4,50,61,0.7,6.5
contacthub,39.13,0.0,282.4,50,61,1.0,6.5
contacthub,40.13,0.0,282.4,50,61,4.5,6.6
contacthub,41.13,0.0,282.4,50,61,1.2,6.6
contacthub,42.14,1.0,282.4,50,61,0.3,6.6
contacthub,43.14,0.0,282.4,50,61,2.7,6.6
contacthub,44.15,2.0,282.4,50,61,6.2,6.6
contacthub,45.15,0.0,282.4,50,61,1.0,6.6
contacthub,46.15,1.0,282.4,50,61,0.5,6.5
contacthub,47.16,0.0,282.4,50,61,4.0,6.6
contacthub,48.16,0.0,282.4,50,61,0.7,6.6
contacthub,49.17,0.0,282.4,50,61,0.7,6.6
contacthub,50.17,0.0,282.4,50,61,0.3,6.6
contacthub,51.17,0.0,282.4,50,61,2.2,6.6
contacthub,52.18,3.0,282.4,50,61,5.3,6.7
contacthub,53.18,0.0,282.4,50,61,1.0,6.7
contacthub,54.19,0.0,282.4,50,61,0.7,6.7
contacthub,55.19,0.0,282.4,50,61,4.2,6.7
contacthub,56.19,0.0,282.4,50,61,0.7,6.7
contacthub,57.2,0.0,282.4,50,61,6.3,6.5
contacthub,58.2,0.0,282.4,50,61,2.7,6.5
contacthub,59.21,2.0,282.4,50,61,5.7,6.5
contacthub,60.21,1.0,282.4,50,61,1.0,6.5
contacthub,61.21,0.0,282.4,50,61,1.5,6.5
contacthub,62.22,0.0,282.4,50,61,4.0,6.6
contacthub,63.22,97.6,288.4,57,49,24.8,6.5
contacthub,64.23,156.3,289.2,57,21,40.2,6.5
contacthub,65.23,10.0,289.2,57,1,8.0,6.5
contacthub,66.23,3.0,289.2,57,1,10.0,6.6
contacthub,67.24,1.0,289.2,57,1,5.7,6.6
contacthub,68.24,20.9,289.2,57,4,6.5,6.6
contacthub,69.24,25.9,289.2,57,4,9.5,6.6
contacthub,70.25,17.9,289.2,57,4,8.7,6.7
contacthub,71.25,17.9,289.2,57,4,6.5,6.6
contacthub,72.25,29.9,289.2,57,4,8.5,6.6
contacthub,73.26,45.9,284.2,26,4,13.8,6.6
contacthub,74.26,19.9,283.7,10,4,10.4,6.6
contacthub,75.26,30.9,283.7,9,4,9.0,6.6
contacthub,76.26,5.0,283.7,9,4,2.5,6.6
contacthub,77.27,62.8,282.7,11,6,18.7,6.6
contacthub,78.27,24.9,284.3,11,6,8.7,6.6
contacthub,79.27,17.9,284.5,11,6,6.5,6.6
contacthub,80.28,41.9,284.5,11,6,15.4,6.7
contacthub,81.28,22.9,284.5,11,6,7.5,6.7
contacthub,82.28,8.0,284.5,11,4,3.2,6.7
contacthub,83.29,8.0,284.5,11,4,6.8,6.6
contacthub,84.29,17.0,284.5,11,3,5.7,6.6
contacthub,85.29,18.9,284.5,11,3,5.5,6.6
contacthub,86.3,40.9,284.5,11,3,12.1,6.7
contacthub,87.3,6.0,284.5,9,3,6.7,6.7
contacthub,88.3,18.9,284.5,9,3,5.3,6.7
contacthub,89.31,27.9,280.1,8,3,9.5,6.7
contacthub,90.31,5.0,280.1,8,3,6.2,6.7
contacthub,91.31,7.0,280.1,8,3,3.0,6.7
contacthub,92.31,10.0,280.1,8,1,8.0,6.7
contacthub,93.32,0.0,280.1,8,1,5.0,6.7
contacthub,94.32,43.9,281.9,8,3,17.8,6.8
contacthub,95.32,112.7,303.7,10,5,30.0,6.8
contacthub,96.33,129.6,326.3,12,7,42.8,6.8
contacthub,97.33,154.5,337.4,15,10,41.1,6.8
contacthub,98.33,176.4,345.5,18,13,44.9,6.9
contacthub,99.34,177.4,353.5,19,14,44.5,6.9
contacthub,100.34,177.4,356.1,19,14,49.6,6.9
contacthub,101.34,158.5,360.4,23,18,40.1,6.9
contacthub,102.35,181.4,364.0,25,20,46.8,6.9
contacthub,103.35,175.4,369.1,29,25,46.0,7.0
contacthub,104.35,175.4,373.2,35,30,48.4,7.1
contacthub,105.36,156.5,378.5,40,35,40.1,7.1
contacthub,106.36,177.4,384.4,43,38,46.3,7.1
contacthub,107.37,180.8,385.2,43,38,47.4,7.1
contacthub,108.37,169.4,388.9,43,38,48.5,7.2
contacthub,109.37,165.4,391.2,46,43,42.0,7.2
contacthub,110.38,167.4,395.2,47,45,41.8,7.2
contacthub,111.38,175.4,400.4,47,48,47.7,7.3
contacthub,112.38,175.3,405.3,47,51,44.1,7.3
contacthub,113.39,138.5,410.8,47,58,35.4,7.3
contacthub,114.39,144.2,408.8,47,63,39.1,7.3
contacthub,115.4,174.2,408.8,47,63,47.1,7.4
contacthub,116.4,164.4,408.8,47,65,42.4,7.3
contacthub,117.41,169.3,409.3,47,70,43.6,7.3
contacthub,118.41,141.2,413.2,47,73,36.3,7.3
contacthub,119.42,171.3,414.0,47,73,45.6,7.4
contacthub,120.42,155.4,415.3,47,73,38.5,7.4
contacthub,121.42,172.4,415.3,47,73,42.2,7.4
contacthub,122.43,171.4,415.3,47,73,41.4,7.4
contacthub,123.43,173.3,415.3,47,73,45.8,7.4
contacthub,124.43,170.4,415.4,47,73,46.1,7.4
contacthub,125.44,167.4,415.9,47,73,41.1,7.4
contacthub,126.44,171.4,415.9,47,73,42.4,7.4
contacthub,127.45,171.3,415.9,47,73,44.1,7.4
contacthub,128.45,147.4,424.1,47,73,40.8,7.4
contacthub,129.45,170.4,424.4,47,73,43.2,7.4
contacthub,130.46,171.0,424.4,47,73,43.0,7.4
contacthub,131.46,149.5,424.5,47,73,40.2,7.5
contacthub,132.47,170.4,425.2,47,73,42.5,7.5
contacthub,133.47,171.4,428.9,47,72,43.4,7.5
contacthub,134.47,159.4,446.1,47,68,41.7,7.6
contacthub,135.48,132.4,477.0,47,63,37.7,7.9
contacthub,136.48,144.5,503.7,48,58,36.5,8.0
contacthub,137.49,134.5,518.7,48,54,38.3,8.1
contacthub,138.49,160.4,541.3,48,50,44.2,8.2
contacthub,139.49,170.4,549.8,48,44,43.1,8.2
contacthub,140.5,137.5,553.4,48,44,36.3,8.3
contacthub,141.5,161.4,568.0,48,42,45.0,8.3
contacthub,142.5,164.5,572.1,48,38,40.5,8.4
contacthub,143.51,121.5,591.6,48,33,31.3,8.5
contacthub,144.51,175.4,596.3,50,22,45.3,8.5
contacthub,145.51,171.5,604.0,50,19,47.0,8.5
contacthub,146.52,171.5,614.1,50,17,43.2,8.5
contacthub,147.52,171.4,622.8,50,13,43.9,8.6
contacthub,148.52,124.6,626.3,50,10,34.2,8.6
contacthub,149.53,170.5,631.1,50,10,43.1,8.6
contacthub,150.53,167.5,640.9,50,10,45.6,8.7
contacthub,151.53,169.5,656.7,50,10,42.2,8.8
contacthub,152.53,175.5,657.0,50,10,44.2,8.8
contacthub,153.54,119.6,660.1,50,10,33.0,8.8
contacthub,154.54,168.4,672.4,50,10,41.6,8.9
contacthub,155.54,167.5,680.3,34,10,44.1,9.0
contacthub,156.55,167.5,687.2,34,10,46.1,9.0
contacthub,157.55,161.5,689.0,34,10,40.6,9.0
contacthub,158.55,165.5,692.4,34,10,42.9,9.0
contacthub,159.56,114.7,695.6,34,10,28.9,9.1
contacthub,160.56,163.5,708.3,34,10,45.4,9.1
contacthub,161.56,164.5,718.8,34,10,41.4,9.2
contacthub,162.56,161.5,734.1,34,10,44.2,9.3
contacthub,163.57,165.5,746.2,34,10,41.0,9.4
contacthub,164.57,119.6,747.4,34,10,29.7,9.4
contacthub,165.57,154.5,752.2,34,10,38.7,9.4
contacthub,166.58,163.5,764.5,34,10,45.1,9.5
contacthub,167.58,166.5,773.6,34,10,40.9,9.5
contacthub,168.58,160.5,788.2,34,10,40.3,9.6
contacthub,169.59,155.5,806.6,34,10,42.6,9.8
contacthub,170.59,127.6,810.8,34,10,32.1,9.8
contacthub,171.59,132.6,819.9,34,10,36.6,9.9
contacthub,172.59,166.5,829.1,34,10,42.2,9.9
contacthub,173.6,165.5,838.5,34,10,40.4,9.9
contacthub,174.6,163.5,849.7,34,10,42.1,10.1
contacthub,175.6,160.5,864.8,34,10,43.7,10.2
contacthub,176.61,157.5,882.4,34,10,38.6,10.3
contacthub,177.61,165.5,893.2,34,10,39.4,10.3
contacthub,178.61,139.6,902.3,34,10,39.2,10.4
contacthub,179.62,109.7,912.0,34,10,28.1,10.4
contacthub,180.62,163.5,923.0,34,10,40.0,10.5
contacthub,181.62,155.6,939.6,34,10,40.5,10.7
contacthub,182.62,152.6,960.7,34,10,42.1,10.8
contacthub,183.63,155.6,979.9,34,10,39.3,10.9
contacthub,184.63,159.5,992.7,34,10,43.8,10.8
contacthub,185.63,154.5,1003.7,34,10,40.8,10.9
contacthub,186.64,102.7,1003.7,34,10,27.9,10.9
contacthub,187.64,144.6,1024.7,34,10,36.7,10.9
contacthub,188.64,150.6,1038.8,34,10,37.1,11.0
contacthub,189.64,154.5,1039.3,15,10,43.1,11.0
contacthub,190.65,161.5,1042.1,15,10,40.5,11.0
contacthub,191.65,151.6,1044.5,15,10,42.7,11.1
contacthub,192.65,158.5,1049.0,15,10,40.2,11.1
contacthub,193.66,149.6,1050.4,15,10,38.1,11.1
contacthub,194.66,149.5,1060.2,15,9,37.3,11.1
contacthub,195.66,148.6,1063.2,15,9,39.5,11.2
contacthub,196.67,101.7,1063.2,15,9,29.6,11.2
contacthub,197.67,133.6,1065.0,15,9,31.6,11.2
contacthub,198.67,133.6,1065.4,15,9,34.0,11.3
contacthub,199.67,116.7,1067.1,14,8,33.8,11.3
contacthub,200.68,101.7,1055.8,14,8,26.9,11.2
contacthub,201.68,61.8,803.6,14,1,25.1,9.8
contacthub,202.68,1.0,803.6,14,1,3.5,9.7
contacthub,203.69,12.0,797.5,14,3,8.7,9.7
contacthub,204.69,21.9,787.1,13,4,8.5,9.6
contacthub,205.69,43.9,786.1,13,4,15.1,9.6
contacthub,206.7,10.0,786.1,13,4,3.5,9.6
contacthub,207.7,23.9,766.9,12,4,7.5,9.5
contacthub,208.7,18.9,725.0,10,4,6.0,9.2
contacthub,209.7,23.9,703.6,9,4,11.2,9.2
contacthub,210.71,34.9,696.3,9,3,9.3,9.1
contacthub,211.71,14.0,682.9,9,3,4.3,9.0
contacthub,212.71,18.0,682.9,9,3,6.0,9.0
contacthub,213.72,81.8,594.3,10,5,22.6,8.5
contacthub,214.72,108.7,594.3,10,5,32.0,8.5
contacthub,215.72,94.7,586.1,10,5,24.9,8.4
contacthub,216.73,24.9,585.1,10,5,7.3,8.4
contacthub,217.73,11.0,585.1,10,5,4.5,8.4
contacthub,218.73,22.9,585.1,10,5,10.8,8.5
contacthub,219.74,15.0,584.1,10,4,5.7,8.5
contacthub,220.74,16.0,584.1,10,4,4.5,8.5
contacthub,221.74,26.9,583.0,10,4,8.7,8.5
contacthub,222.74,16.9,583.0,10,4,8.0,8.5
contacthub,223.75,13.0,583.0,10,3,5.2,8.5
contacthub,224.75,29.9,550.6,9,3,9.4,8.3
contacthub,225.75,9.0,549.6,9,3,5.5,8.3
contacthub,226.76,30.9,547.5,9,3,13.9,8.3
contacthub,227.76,11.0,547.5,9,3,4.5,8.3
contacthub,228.76,14.0,547.5,8,3,5.2,8.3
contacthub,229.77,13.0,538.8,8,2,8.0,8.3
contacthub,230.77,23.9,538.8,8,2,6.5,8.3
contacthub,231.77,5.0,538.8,8,2,2.2,8.3
contacthub,232.78,36.9,535.7,8,4,17.2,8.3
contacthub,233.78,5.0,535.7,8,4,8.7,8.0
contacthub,234.78,16.9,535.7,8,4,6.2,8.0
contacthub,235.79,16.0,535.7,8,4,5.0,8.0
contacthub,236.79,10.0,534.7,8,4,6.0,8.1
contacthub,237.79,20.9,534.7,8,3,10.9,8.1
contacthub,238.8,43.9,533.7,10,5,11.3,8.1
contacthub,239.8,7.0,533.7,10,5,2.7,8.1
contacthub,240.8,12.0,533.7,10,5,8.3,8.1
contacthub,241.8,17.9,533.7,10,5,5.3,8.1
contacthub,242.81,8.0,533.7,10,5,3.7,8.1
contacthub,243.81,13.0,533.7,10,3,4.3,8.1
contacthub,244.81,16.0,533.7,10,3,7.7,8.1
contacthub,245.82,22.9,533.7,10,3,10.5,8.1
contacthub,246.82,17.0,532.7,10,3,5.0,8.1
contacthub,247.82,39.9,532.7,10,4,11.6,8.1
contacthub,248.82,5.0,532.6,9,4,6.0,8.1
contacthub,249.83,5.0,532.6,9,4,2.5,8.1
contacthub,250.83,16.9,531.6,9,4,5.2,8.1
contacthub,251.83,15.0,531.6,9,4,6.0,8.1
contacthub,252.84,15.0,531.6,9,4,8.2,8.1
contacthub,253.84,9.0,531.6,9,4,3.8,8.1
contacthub,254.84,35.9,531.6,9,4,11.0,8.1
contacthub,255.85,30.9,531.6,9,4,11.1,8.1
contacthub,256.85,14.0,531.6,9,4,5.7,8.1
contacthub,257.85,4.0,531.6,9,4,2.8,8.1
contacthub,258.85,10.0,531.6,9,4,5.5,8.2
contacthub,259.86,11.0,531.6,9,4,6.7,8.1
contacthub,260.86,23.9,531.6,9,3,7.9,8.1
contacthub,261.87,74.6,530.6,9,3,21.5,8.2
contacthub,262.87,121.6,530.6,10,5,35.6,8.2
contacthub,263.87,115.7,533.9,11,6,30.4,8.2
contacthub,264.88,44.9,533.9,11,6,12.5,8.2
contacthub,265.88,15.0,533.9,11,6,8.3,8.2
contacthub,266.88,10.0,533.9,11,6,4.7,8.2
contacthub,267.89,14.9,533.9,11,6,4.7,8.2
contacthub,268.89,13.0,533.9,11,4,5.5,8.3
contacthub,269.89,24.9,533.9,11,3,10.8,8.3
contacthub,270.9,26.9,533.9,11,3,7.7,8.3
contacthub,271.9,18.9,533.9,11,3,6.5,8.3
contacthub,272.9,43.9,533.9,11,4,14.1,8.3
contacthub,273.91,36.9,532.8,9,4,11.5,8.3
contacthub,274.91,118.7,532.8,10,5,31.2,8.3
contacthub,275.91,103.7,534.0,10,5,26.8,8.3
contacthub,276.92,105.5,535.6,11,6,30.2,8.3
contacthub,277.92,12.0,535.6,11,6,12.8,8.1
contacthub,278.92,21.9,535.6,11,6,7.0,8.1
contacthub,279.92,27.9,535.6,11,6,8.7,8.0
contacthub,280.93,51.8,535.8,11,6,17.8,8.1
contacthub,281.93,106.7,536.0,11,4,28.2,8.0
contacthub,282.93,117.7,536.0,12,7,30.8,8.0
contacthub,283.94,43.9,534.4,12,7,14.2,8.1
contacthub,284.94,39.9,534.4,12,7,14.2,8.0
contacthub,285.94,18.9,534.4,12,7,7.5,8.0
contacthub,286.95,32.9,533.4,12,7,9.5,8.0
contacthub,287.95,21.9,533.4,12,5,6.8,8.0
contacthub,288.95,17.9,532.4,12,5,7.5,8.1
contacthub,289.95,20.9,532.4,12,5,10.2,8.1
contacthub,290.96,7.0,532.4,12,5,2.3,8.0
contacthub,291.96,26.9,532.4,12,4,8.2,8.0
contacthub,292.96,22.9,532.3,10,4,9.8,8.1
contacthub,293.97,18.9,532.3,10,4,6.2,8.1
contacthub,294.97,104.7,529.3,10,4,27.1,8.0
contacthub,295.97,106.7,529.3,10,4,27.2,8.0
contacthub,296.98,62.8,527.2,10,4,20.2,8.0
contacthub,297.98,18.9,527.2,9,4,5.8,8.0
contacthub,298.98,22.9,526.1,9,4,6.7,8.0
contacthub,299.98,19.9,526.1,9,4,7.7,8.0
contacthub,300.99,19.9,526.1,9,3,8.5,8.1
contacthub,301.99,18.9,526.1,9,3,5.7,8.0
contacthub,302.99,12.0,526.1,9,3,3.8,8.0
contacthub,304.0,4.0,526.1,9,3,5.7,8.1
contacthub,305.0,6.0,526.1,9,3,2.2,8.0
contacthub,306.0,12.0,526.1,9,3,4.0,8.0
contacthub,307.0,9.0,526.1,8,3,6.0,8.1
contacthub,308.01,18.9,526.1,8,3,6.2,8.1
contacthub,309.01,12.0,526.1,8,3,4.0,8.1
contacthub,310.01,12.0,526.1,8,3,4.2,8.1
contacthub,311.02,4.0,526.1,8,2,4.8,8.1
contacthub,312.02,11.0,525.1,8,3,6.0,8.1
contacthub,313.02,19.9,525.1,8,3,6.2,8.1
contacthub,314.03,6.0,525.1,8,3,6.5,8.2
contacthub,315.03,24.9,523.0,8,3,12.7,7.9
contacthub,316.03,11.9,523.0,8,3,3.5,7.9
contacthub,317.04,19.9,523.0,8,3,7.5,7.9
contacthub,318.04,32.9,523.1,9,4,12.5,8.0
contacthub,319.04,13.0,523.1,9,4,4.5,7.9
contacthub,320.05,23.9,523.1,9,4,7.5,7.9
contacthub,321.05,18.0,523.1,9,4,8.2,8.0
contacthub,322.05,17.0,523.1,9,4,6.2,7.9
contacthub,323.05,26.9,523.1,9,1,15.8,8.0
contacthub,324.06,1.0,523.1,9,1,3.5,7.9
contacthub,325.06,11.0,520.3,9,1,21.4,7.9
contacthub,326.06,134.3,527.9,13,7,34.8,7.9
contacthub,327.07,74.8,533.6,13,7,21.8,8.1
contacthub,328.07,36.9,533.6,13,7,14.3,8.1
contacthub,329.07,29.9,533.6,13,7,8.3,8.1
contacthub,330.08,43.9,533.6,13,7,12.5,8.1
contacthub,331.08,26.9,533.6,13,6,11.9,8.1
contacthub,332.08,117.7,533.6,13,6,30.9,8.1
contacthub,333.09,137.6,535.6,15,11,37.1,8.1
contacthub,334.09,98.7,538.4,15,11,27.6,8.1
contacthub,335.09,29.9,538.4,15,11,8.8,8.1
contacthub,336.09,36.9,538.4,15,11,11.5,8.1
contacthub,337.1,35.9,538.4,15,11,11.9,8.2
contacthub,338.1,31.9,538.4,15,9,12.8,8.2
contacthub,339.1,25.9,538.4,15,4,7.0,8.2
contacthub,340.11,26.9,537.3,15,4,11.8,8.2
contacthub,341.11,29.9,537.3,15,4,8.7,8.1
contacthub,342.11,26.9,537.3,15,4,8.0,8.1
contacthub,343.12,39.9,537.3,15,4,12.5,8.2
contacthub,344.12,17.9,534.1,9,4,10.7,8.2
contacthub,345.12,22.9,534.1,9,4,11.8,8.0
contacthub,346.12,46.9,534.1,9,4,16.1,8.0
contacthub,347.13,22.9,534.1,9,4,7.7,8.0
contacthub,348.13,19.9,534.1,9,4,6.7,8.0
contacthub,349.13,25.9,534.1,9,4,9.7,8.0
contacthub,350.14,19.9,534.1,9,4,9.3,8.0
contacthub,351.14,30.9,534.1,9,4,9.2,8.0
contacthub,352.14,48.8,534.2,11,6,15.3,8.0
contacthub,353.15,10.0,534.2,11,6,5.8,8.1
contacthub,354.15,35.9,534.2,11,6,10.0,8.0
contacthub,355.15,12.0,534.2,11,6,4.3,8.0
contacthub,356.15,36.9,534.2,11,6,11.6,8.0
contacthub,357.16,43.9,534.2,11,5,17.1,8.1
contacthub,358.16,17.0,533.1,11,5,5.0,8.1
contacthub,359.16,11.0,533.1,11,5,7.7,8.1
contacthub,360.17,54.8,533.1,11,5,15.8,8.1
contacthub,361.17,118.7,533.1,11,6,31.2,8.1
contacthub,362.17,139.5,533.8,15,10,38.5,8.1
contacthub,363.17,119.7,532.8,15,10,34.4,8.1
contacthub,364.18,17.9,532.8,15,10,5.7,8.1
contacthub,365.18,37.9,531.7,15,1,13.7,8.1
contacthub,366.18,1.0,531.7,15,1,7.3,8.1
contacthub,367.19,128.2,596.7,19,2,37.7,9.0
contacthub,368.19,10.0,529.6,15,1,7.2,8.7
contacthub,369.2,25.9,529.8,15,1,15.3,8.7
contacthub,370.2,1.0,529.8,15,1,4.0,8.6
contacthub,371.2,12.0,532.2,15,3,7.7,8.5
contacthub,372.21,22.9,533.7,15,3,6.3,8.5
contacthub,373.21,16.0,534.0,11,4,5.2,8.4
contacthub,374.21,35.9,526.1,9,4,10.7,8.3
contacthub,375.22,14.9,526.2,9,4,4.8,8.3
contacthub,376.22,17.9,526.2,9,4,7.5,8.3
contacthub,377.22,16.0,526.2,9,4,10.2,8.2
contacthub,378.23,20.9,526.2,9,3,7.0,8.2
contacthub,379.23,27.9,526.2,9,3,8.5,8.2
contacthub,380.23,26.9,526.2,9,3,9.7,8.2
contacthub,381.24,17.0,526.2,9,3,10.1,8.2
contacthub,382.24,20.9,526.2,9,3,6.7,8.2
contacthub,383.24,77.8,526.2,10,5,20.0,8.2
contacthub,384.25,107.7,526.2,10,5,27.6,8.2
contacthub,385.25,104.7,526.4,10,5,27.9,8.1
contacthub,386.25,39.9,526.4,10,5,14.4,8.2
contacthub,387.25,10.0,526.5,10,5,7.0,8.2
contacthub,388.26,11.0,526.5,10,5,4.0,8.2
contacthub,389.26,20.9,526.5,10,5,6.5,8.2
contacthub,390.26,12.0,526.5,10,4,6.0,8.2
contacthub,391.27,17.0,526.5,10,4,8.3,8.3
contacthub,392.27,10.0,526.5,10,4,3.7,8.2
contacthub,393.27,30.9,526.5,10,4,9.5,8.2
contacthub,394.27,15.0,526.5,10,3,6.0,8.3
contacthub,395.28,14.0,526.5,10,3,8.3,8.3
contacthub,396.28,18.9,526.5,9,3,10.7,8.0
contacthub,397.28,9.0,526.5,9,3,3.7,8.0
contacthub,398.29,17.0,526.5,9,3,8.0,8.0
contacthub,399.29,19.9,526.5,8,3,9.7,8.0
contacthub,400.29,13.0,526.5,8,3,4.5,8.0
contacthub,401.3,15.0,526.5,8,2,4.8,8.0
contacthub,402.3,8.0,526.5,8,2,4.0,8.0
contacthub,403.3,25.9,526.5,8,3,11.8,8.0
contacthub,404.3,10.0,526.5,8,3,4.2,8.0
contacthub,405.31,12.0,526.5,8,3,6.2,8.0
contacthub,406.31,25.9,526.5,8,3,11.3,8.1
contacthub,407.31,3.0,526.5,8,3,2.0,8.1
contacthub,408.32,12.0,526.5,8,3,4.5,8.1
contacthub,409.32,16.0,526.5,8,3,6.3,8.1
contacthub,410.32,9.0,526.5,8,3,6.8,8.1
contacthub,411.33,13.0,526.5,8,3,4.5,8.1
contacthub,412.33,17.9,526.5,8,3,5.7,8.1
contacthub,413.33,33.9,526.5,8,3,14.2,8.1
contacthub,414.34,8.0,526.5,8,3,5.2,8.2
contacthub,415.34,3.0,526.5,8,3,1.3,8.2
contacthub,416.34,17.9,526.5,8,3,7.5,8.2
contacthub,417.35,12.0,526.5,8,3,7.1,8.2
contacthub,418.35,11.0,526.5,8,3,3.8,8.2
contacthub,419.35,7.0,526.5,8,3,3.0,8.2
contacthub,420.35,12.0,526.5,8,3,5.5,8.2
contacthub,421.36,23.9,526.5,8,3,10.2,8.2
contacthub,422.36,11.0,526.5,8,3,4.7,8.2
contacthub,423.36,11.0,526.5,8,3,3.5,8.2
contacthub,424.37,37.9,526.5,9,4,12.5,8.2
contacthub,425.37,5.0,526.5,9,4,5.5,8.2
contacthub,426.37,3.0,526.5,9,4,2.0,8.2
contacthub,427.38,15.0,526.5,9,4,4.5,8.2
contacthub,428.38,20.9,526.5,9,4,8.3,8.2
contacthub,429.38,10.0,526.5,9,3,6.7,8.2
contacthub,430.38,3.0,526.5,9,3,2.3,8.2
contacthub,431.39,12.0,526.5,9,3,4.2,8.2
contacthub,432.39,24.9,526.5,9,3,10.7,8.3
contacthub,433.39,17.9,526.5,9,3,8.0,8.3
contacthub,434.4,20.9,526.5,8,3,11.8,8.0
contacthub,435.4,14.0,526.5,8,3,5.5,8.0
contacthub,436.4,4.0,526.5,8,3,5.0,8.1
contacthub,437.41,8.0,526.5,8,3,5.3,8.0
contacthub,438.41,7.0,526.5,8,3,2.5,8.0
contacthub,439.41,12.0,526.5,8,3,6.0,8.0
contacthub,440.42,32.9,526.5,8,3,13.2,8.1
contacthub,441.42,94.6,526.5,8,3,25.4,8.1
contacthub,442.42,117.7,526.5,10,5,30.7,8.1
contacthub,443.43,76.8,526.5,10,5,21.2,8.1
contacthub,444.43,19.9,526.5,10,5,6.3,8.1
contacthub,445.43,26.9,526.5,10,5,11.3,8.2
contacthub,446.43,9.0,526.5,10,5,3.7,8.1
contacthub,447.44,7.0,526.6,10,5,2.3,8.1
contacthub,448.44,12.0,526.6,10,3,6.2,8.2
contacthub,449.44,11.0,526.6,10,3,8.2,8.2
contacthub,450.45,22.9,526.6,10,3,7.0,8.2
contacthub,451.45,22.9,526.6,10,4,7.7,8.2
contacthub,452.45,16.0,526.6,10,4,9.6,8.2
contacthub,453.46,8.0,526.6,9,4,3.2,8.2
contacthub,454.46,43.9,526.6,9,4,11.3,8.2
contacthub,455.46,22.9,526.6,9,4,8.5,8.2
contacthub,456.47,109.7,535.9,10,5,33.8,8.3
contacthub,457.47,104.7,537.7,10,5,28.2,8.3
contacthub,458.47,102.7,541.5,10,5,26.6,8.3
contacthub,459.48,26.9,541.5,10,5,9.5,8.3
contacthub,460.48,9.0,541.5,10,5,7.5,8.4
contacthub,461.48,12.0,541.5,10,5,4.7,8.3
contacthub,462.48,33.9,541.5,10,5,9.5,8.3
contacthub,463.49,11.0,541.5,10,3,6.0,8.4
contacthub,464.49,93.7,548.2,10,3,33.1,8.2
contacthub,465.49,109.7,551.1,10,3,29.4,8.2
contacthub,466.5,62.8,553.2,10,5,17.5,8.2
contacthub,467.5,6.0,553.2,10,5,4.3,8.2
contacthub,468.5,25.9,553.2,10,5,10.8,8.2
contacthub,469.5,15.0,553.2,10,5,5.0,8.2
contacthub,470.51,19.9,553.2,10,5,6.0,8.2
contacthub,471.51,31.9,553.2,10,4,10.5,8.2
contacthub,472.51,17.9,553.2,10,4,9.2,8.2
contacthub,473.52,17.0,553.2,10,4,6.0,8.2
contacthub,474.52,18.0,553.2,10,4,7.0,8.3
contacthub,475.52,9.0,553.2,10,4,6.7,8.3
contacthub,476.52,5.0,553.2,9,3,2.0,8.2
contacthub,477.53,21.9,553.2,9,4,7.5,8.2
contacthub,478.53,22.9,553.2,9,4,6.3,8.2
contacthub,479.53,26.9,553.2,9,4,12.2,8.3
contacthub,480.54,80.8,553.5,9,4,23.1,8.3
contacthub,481.54,103.7,553.5,9,4,27.9,8.2
contacthub,482.54,92.7,554.0,9,4,25.9,8.3
contacthub,483.54,8.0,554.0,9,4,6.5,8.4
contacthub,484.55,18.9,554.0,9,4,6.0,8.3
contacthub,485.55,17.9,554.0,9,4,5.8,8.3
contacthub,486.56,29.8,554.0,9,4,10.2,8.3
contacthub,487.56,16.9,554.0,9,3,9.0,8.3
contacthub,488.56,6.0,554.0,9,3,2.5,8.3
contacthub,489.57,17.9,554.0,9,3,5.8,8.3
contacthub,490.57,6.0,554.0,9,1,4.5,8.4
contacthub,491.57,0.0,554.0,9,1,4.5,8.4
contacthub,492.58,1.0,554.0,9,1,1.0,8.4
contacthub,493.58,0.0,554.0,9,1,0.5,8.4
contacthub,494.58,0.0,554.0,9,1,3.5,8.4
contacthub,495.58,0.0,554.0,8,1,6.7,8.4
contacthub,496.59,1.0,554.0,8,1,5.2,8.4
contacthub,497.59,40.8,554.0,10,5,13.3,8.4
contacthub,498.6,48.9,554.0,10,5,14.8,8.4
contacthub,499.6,31.9,554.0,10,5,21.2,8.5
contacthub,500.6,31.9,554.0,10,5,11.2,8.2
contacthub,501.6,48.9,554.0,10,5,13.5,8.1
contacthub,502.61,33.9,554.0,10,5,12.2,8.2
contacthub,503.61,110.7,554.0,10,5,33.3,8.3
contacthub,504.61,136.6,554.1,13,8,35.6,8.2
contacthub,505.62,113.5,554.1,13,8,29.9,8.2
contacthub,506.62,55.8,554.1,13,8,17.5,8.2
contacthub,507.62,25.9,554.1,13,8,11.0,8.3
contacthub,508.63,41.9,554.1,13,8,12.0,8.3
contacthub,509.63,26.9,554.1,13,6,9.0,8.2
contacthub,510.63,23.9,554.1,13,5,9.0,8.3
contacthub,511.64,30.9,554.1,13,4,13.0,8.3
contacthub,512.64,20.9,554.1,13,4,6.2,8.3
contacthub,513.64,27.9,554.1,13,4,7.8,8.3
contacthub,514.64,34.9,554.1,11,4,10.3,8.3
contacthub,515.65,15.0,554.0,10,4,10.5,8.3
contacthub,516.65,26.9,554.0,9,4,8.4,8.3
contacthub,517.65,27.9,554.0,9,4,8.8,8.3
contacthub,518.66,37.9,554.0,9,4,12.7,8.3
contacthub,519.66,20.9,554.0,9,4,10.3,8.3
contacthub,520.66,18.9,554.0,9,4,6.0,8.3
contacthub,521.66,16.0,554.0,9,4,5.0,8.3
contacthub,522.67,41.9,554.0,9,4,13.7,8.3
contacthub,523.67,50.9,554.1,11,6,17.8,8.3
contacthub,524.67,8.0,554.1,11,6,2.8,8.3
contacthub,525.68,30.9,554.1,11,6,8.7,8.3
contacthub,526.68,12.0,554.1,11,6,6.0,8.4
contacthub,527.68,36.9,554.1,11,6,13.6,8.4
contacthub,528.68,49.9,554.1,11,6,14.7,8.4
contacthub,529.69,14.0,554.1,11,6,4.5,8.3
contacthub,530.69,15.0,554.1,11,6,7.0,8.3
contacthub,531.69,41.9,554.1,11,6,16.1,8.4
contacthub,532.7,118.7,554.1,11,6,30.2,8.4
contacthub,533.7,123.7,555.4,15,10,32.3,8.4
contacthub,534.7,139.6,558.2,15,10,38.8,8.4
contacthub,535.71,43.8,558.2,15,10,16.3,8.5
contacthub,536.71,32.9,558.2,15,10,9.3,8.5
contacthub,537.71,37.9,558.2,15,10,11.7,8.5
contacthub,538.72,50.8,558.2,15,10,16.2,8.5
contacthub,539.72,94.7,558.2,15,6,34.4,8.6
contacthub,540.72,111.7,558.2,15,6,30.6,8.2
contacthub,541.72,127.6,558.2,15,7,34.2,8.2
contacthub,542.73,131.2,558.9,15,9,37.7,8.2
contacthub,543.73,73.8,558.9,15,9,24.9,8.2
contacthub,544.74,128.6,558.9,14,9,33.4,8.2
contacthub,545.74,116.7,559.0,17,12,30.5,8.2
contacthub,546.74,138.6,559.1,17,12,37.9,8.2
contacthub,547.74,123.6,559.1,17,12,37.2,8.3
contacthub,548.75,39.9,559.1,17,12,11.0,8.3
contacthub,549.75,17.0,559.1,17,12,6.5,8.3
contacthub,550.75,52.8,559.1,17,12,17.8,8.3
contacthub,551.76,71.8,559.1,17,11,23.7,8.3
contacthub,552.76,124.5,559.3,17,7,32.3,8.3
contacthub,553.76,125.6,559.3,17,9,32.1,8.3
contacthub,554.77,122.6,561.6,17,9,34.0,8.3
contacthub,555.77,63.8,561.6,17,9,20.9,8.3
contacthub,556.77,34.9,561.5,16,9,10.5,8.3
contacthub,557.78,8.0,561.5,14,9,3.7,8.3
contacthub,558.78,17.9,561.5,14,9,6.0,8.3
contacthub,559.78,26.9,561.5,14,8,9.7,8.3
contacthub,560.78,18.9,561.5,14,3,8.8,8.4
contacthub,561.79,10.0,561.5,14,3,3.0,8.4
contacthub,562.79,39.9,561.5,14,3,10.7,8.4
contacthub,563.79,17.9,561.5,13,3,10.5,8.4
contacthub,564.8,29.9,561.5,13,3,9.0,8.4
contacthub,565.8,42.9,561.4,9,4,12.0,8.4
contacthub,566.8,32.9,561.4,9,4,11.1,8.5
contacthub,567.8,25.9,561.4,9,4,12.2,8.5
contacthub,568.81,45.9,561.4,9,4,12.2,8.4
contacthub,569.81,32.9,561.4,9,4,9.7,8.4
contacthub,570.81,34.8,561.4,9,4,11.8,8.5
contacthub,571.82,54.9,561.4,9,4,19.0,8.5
contacthub,572.82,30.9,561.4,9,4,8.5,8.5
contacthub,573.82,45.9,561.4,9,4,12.5,8.4
contacthub,574.83,111.7,561.4,10,5,31.6,8.5
contacthub,575.83,116.7,561.4,12,7,37.3,8.5
contacthub,576.83,78.8,561.4,12,7,23.2,8.2
contacthub,577.83,34.9,561.4,12,7,10.3,8.2
contacthub,578.84,37.9,561.4,12,7,13.2,8.2
contacthub,579.84,18.9,561.4,12,7,10.2,8.2
contacthub,580.84,18.0,561.4,12,6,5.0,8.2
contacthub,581.85,50.8,561.4,12,4,14.4,8.2
contacthub,582.85,109.5,561.5,12,7,31.7,8.2
contacthub,583.85,114.5,561.5,12,7,33.4,8.2
contacthub,584.86,112.7,563.5,12,7,28.9,8.3
contacthub,585.86,42.9,563.5,12,7,12.0,8.3
contacthub,586.86,37.9,563.5,12,7,17.4,8.4
contacthub,587.87,13.0,563.5,12,6,3.7,8.4
contacthub,588.87,50.9,563.5,12,6,17.2,8.4
contacthub,589.87,15.9,563.5,12,5,6.0,8.3
contacthub,590.88,14.0,563.5,12,4,4.0,8.3
contacthub,591.88,53.8,563.5,12,5,17.2,8.3
contacthub,592.88,27.9,563.5,11,5,12.2,8.4
contacthub,593.89,56.8,563.5,11,5,16.0,8.3
contacthub,594.89,25.9,563.5,10,5,7.5,8.3
contacthub,595.89,16.0,563.5,10,5,7.4,8.3
contacthub,596.89,32.9,563.5,10,5,12.6,8.3
contacthub,597.9,27.9,563.5,10,5,8.2,8.3
contacthub,598.9,46.9,563.5,10,4,13.9,8.3
contacthub,599.9,30.9,563.5,10,4,10.9,8.4
contacthub,600.91,29.9,563.5,10,4,12.1,8.4
contacthub,601.91,24.9,563.5,10,4,7.5,8.4
contacthub,602.91,26.9,563.5,10,4,8.2,8.4
contacthub,603.91,47.9,563.5,10,5,13.2,8.4
contacthub,604.92,20.9,563.5,10,5,8.5,8.4
contacthub,605.92,19.9,563.5,10,5,9.3,8.4
contacthub,606.92,29.9,563.5,10,5,9.0,8.4
contacthub,607.93,18.9,563.5,10,5,5.7,8.4
contacthub,608.93,31.9,563.5,10,4,10.6,8.4
contacthub,609.93,37.9,563.5,10,4,15.2,8.4
contacthub,610.93,32.9,563.5,10,4,10.0,8.4
contacthub,611.94,27.9,563.5,10,4,10.3,8.4
contacthub,612.94,19.9,563.5,10,4,9.5,8.5
contacthub,613.94,45.9,563.5,10,5,16.8,8.5
contacthub,614.95,21.9,563.5,10,5,7.5,8.2
contacthub,615.95,20.9,563.5,10,5,6.3,8.2
contacthub,616.95,17.9,563.5,10,1,7.7,8.2
contacthub,617.96,1.0,563.5,10,1,4.8,8.3
contacthub,618.96,0.0,563.5,10,1,0.7,8.2
contacthub,619.96,0.0,563.5,10,1,1.3,8.2
contacthub,620.96,0.0,563.5,10,1,3.5,8.3
contacthub,621.97,1.0,563.5,10,1,6.8,8.3
contacthub,622.97,2.0,563.5,10,1,6.2,8.3
contacthub,623.97,62.8,563.5,10,5,18.1,8.3
contacthub,624.98,61.7,563.5,10,5,19.2,8.3
contacthub,625.98,65.8,563.5,10,5,18.7,8.3
contacthub,626.98,39.8,563.5,10,5,15.1,8.3
contacthub,627.99,122.7,563.5,12,7,31.8,8.3
contacthub,628.99,152.6,563.5,14,9,39.7,8.3
contacthub,629.99,130.6,563.7,14,9,37.1,8.3
contacthub,631.0,139.6,563.7,17,12,41.0,8.3
contacthub,632.0,63.8,563.8,17,12,18.4,8.3
contacthub,633.0,49.9,563.8,17,12,14.0,8.3
contacthub,634.01,37.9,563.8,17,12,12.4,8.3
contacthub,635.01,43.9,563.8,17,12,17.0,8.3
contacthub,636.01,28.9,563.8,17,11,8.5,8.3
contacthub,637.01,46.8,563.8,17,5,14.1,8.3
contacthub,638.02,40.7,563.8,17,7,13.8,8.4
contacthub,639.03,42.9,563.8,17,7,17.6,8.4
contacthub,640.03,38.9,563.8,17,7,10.6,8.4
contacthub,641.03,62.8,563.8,16,7,17.5,8.4
contacthub,642.03,22.9,563.7,12,7,8.3,8.4
contacthub,643.04,33.9,563.7,12,7,14.0,8.4
contacthub,644.04,66.8,563.7,12,7,18.5,8.4
contacthub,645.04,26.9,563.7,12,7,8.2,8.4
contacthub,646.05,30.9,563.7,12,6,10.7,8.4
contacthub,647.05,115.7,563.7,13,8,35.3,8.5
contacthub,648.05,153.5,563.7,15,10,39.8,8.5
contacthub,649.06,117.4,563.7,15,10,31.0,8.5
contacthub,650.06,147.3,563.7,15,10,40.6,8.5
contacthub,651.06,154.6,563.7,16,11,49.5,8.5
contacthub,652.07,144.5,562.7,16,12,38.5,8.2
contacthub,653.07,131.6,562.7,16,12,34.7,8.2
contacthub,654.07,144.6,562.7,16,12,39.1,8.3
contacthub,655.08,140.6,562.7,16,12,39.8,8.3
contacthub,656.08,142.6,562.8,20,15,37.0,8.3
contacthub,657.08,172.5,562.8,20,15,44.1,8.3
contacthub,658.09,141.6,563.1,20,15,39.2,8.3
contacthub,659.09,143.4,563.1,20,15,41.1,8.4
contacthub,660.09,135.6,563.1,20,15,35.5,8.3
contacthub,661.1,143.6,565.2,20,14,37.3,8.3
contacthub,662.1,156.5,568.1,20,11,42.7,8.4
contacthub,663.1,126.6,570.0,20,11,37.4,8.4
contacthub,664.1,108.7,579.3,20,10,27.8,8.4
contacthub,665.11,130.6,580.6,20,10,33.8,8.4
contacthub,666.11,102.7,585.5,19,10,27.6,8.4
contacthub,667.11,42.9,585.5,16,9,12.7,8.5
contacthub,668.12,31.9,585.5,16,8,13.0,8.5
contacthub,669.12,57.8,585.5,15,8,15.8,8.5
contacthub,670.12,56.8,585.5,15,7,17.9,8.5
contacthub,671.12,52.9,585.4,14,4,18.3,8.6
contacthub,672.13,47.9,585.4,14,4,13.7,8.5
contacthub,673.13,81.8,585.4,13,4,22.4,8.5
contacthub,674.13,53.9,585.4,13,4,16.8,8.5
contacthub,675.14,103.7,585.4,12,5,31.5,8.5
contacthub,676.14,129.6,585.4,13,8,35.1,8.5
contacthub,677.14,129.6,585.4,14,9,33.2,8.5
contacthub,678.14,133.5,585.4,14,9,35.3,8.5
contacthub,679.15,33.9,585.4,14,9,12.0,8.5
contacthub,680.15,81.8,585.4,14,9,27.0,8.5
contacthub,681.15,114.7,585.4,14,9,30.5,8.5
contacthub,682.16,131.6,585.4,14,8,34.5,8.5
contacthub,683.16,122.7,585.6,14,9,36.5,8.6
contacthub,684.16,62.8,585.6,14,10,21.5,8.6
contacthub,685.17,49.9,585.6,14,10,14.2,8.6
contacthub,686.17,28.9,585.6,14,10,8.5,8.6
contacthub,687.17,66.7,585.6,14,10,21.5,8.6
contacthub,688.18,71.8,585.6,14,10,24.3,8.7
contacthub,689.18,29.9,585.6,14,5,8.8,8.7
contacthub,690.18,41.8,585.6,14,5,12.0,8.6
contacthub,691.19,65.8,585.6,14,5,21.4,8.7
contacthub,692.19,31.9,585.6,14,5,19.4,8.4
contacthub,693.19,49.8,585.6,14,5,14.6,8.4
contacthub,694.2,50.8,585.5,10,5,14.4,8.4
contacthub,695.2,53.9,585.5,10,5,18.4,8.4
contacthub,696.2,32.8,585.5,10,5,15.1,8.3
contacthub,697.21,36.9,585.5,10,5,10.7,8.3
contacthub,698.21,46.9,585.5,10,5,14.5,8.3
contacthub,699.21,59.8,585.5,10,5,19.5,8.4
contacthub,700.22,51.8,585.5,10,4,20.3,8.4
contacthub,701.22,51.9,585.5,10,5,15.8,8.4
contacthub,702.22,33.9,585.5,10,5,9.8,8.4
contacthub,703.23,47.8,585.5,10,5,15.9,8.4
contacthub,704.23,65.8,585.5,10,5,21.8,8.4
contacthub,705.23,42.9,585.5,10,5,11.8,8.4
contacthub,706.24,29.9,585.5,10,5,8.7,8.4
contacthub,707.24,53.9,585.5,10,5,17.2,8.4
contacthub,708.24,60.8,585.5,10,5,21.4,8.5
contacthub,709.25,64.7,585.5,10,5,18.0,8.5
contacthub,710.25,61.8,585.5,10,5,16.6,8.5
contacthub,711.25,54.8,585.5,10,5,17.3,8.5
contacthub,712.26,48.9,585.5,10,5,17.9,8.5
contacthub,713.26,44.9,585.5,10,5,13.4,8.5
contacthub,714.26,35.9,585.5,10,5,10.0,8.5
contacthub,715.26,32.9,585.5,10,4,13.7,8.5
contacthub,716.27,33.9,585.5,10,4,16.4,8.3
contacthub,717.27,53.9,585.5,10,4,15.4,8.3
contacthub,718.27,51.9,585.5,10,4,16.7,8.3
contacthub,719.28,41.9,585.5,10,5,18.3,8.4
contacthub,720.28,56.8,585.5,10,5,16.9,8.4
contacthub,721.28,49.9,585.5,10,5,14.0,8.4
contacthub,722.28,88.5,585.5,10,5,25.1,8.5
contacthub,723.29,52.9,585.5,10,5,19.2,8.4
contacthub,724.29,53.9,585.5,10,5,14.9,8.4
contacthub,725.29,52.8,585.5,10,5,15.2,8.4
contacthub,726.3,33.9,585.5,10,5,11.7,8.4
contacthub,727.3,29.9,585.5,10,5,12.2,8.4
contacthub,728.3,39.9,585.5,10,5,11.3,8.4
contacthub,729.31,33.9,585.5,10,5,10.2,8.4
contacthub,730.31,63.8,585.5,10,4,20.0,8.4
contacthub,731.31,23.9,585.5,10,4,10.2,8.5
contacthub,732.31,41.9,585.5,9,4,11.1,8.5
contacthub,733.32,52.9,585.5,10,5,15.7,8.5
contacthub,734.32,26.9,585.5,10,5,8.9,8.4
contacthub,735.32,35.9,585.5,10,5,15.2,8.5
contacthub,736.33,46.9,585.5,10,5,14.1,8.4
contacthub,737.33,36.9,585.5,10,5,10.7,8.4
contacthub,738.33,67.8,585.5,10,5,18.8,8.4
contacthub,739.33,52.9,585.5,10,5,16.3,8.5
contacthub,740.34,134.6,585.6,17,12,38.6,8.6
contacthub,741.34,120.7,586.9,17,12,31.0,8.6
contacthub,742.34,126.6,587.5,17,12,33.2,8.6
contacthub,743.35,111.7,587.6,18,1,31.8,8.6
contacthub,744.35,0.0,587.6,18,1,4.0,8.5
contacthub,745.35,0.0,587.6,18,1,0.7,8.5
contacthub,746.35,0.0,587.6,18,1,0.8,8.5
contacthub,747.36,1.0,587.6,18,1,0.5,8.5
contacthub,748.36,0.0,587.6,18,1,8.2,8.3
contacthub,749.36,3.0,587.6,18,1,7.7,8.4
contacthub,750.37,58.8,587.6,18,7,20.3,8.4
contacthub,751.37,73.6,587.6,18,7,20.8,8.4
contacthub,752.37,76.7,587.6,18,7,23.4,8.4
contacthub,753.38,112.7,586.5,12,7,33.1,8.4
contacthub,754.38,156.5,586.7,16,11,40.5,8.4
contacthub,755.38,148.5,586.7,16,11,39.8,8.4
contacthub,756.39,143.5,586.8,18,13,36.9,8.4
contacthub,757.39,140.6,586.8,18,13,38.8,8.5
contacthub,758.39,55.8,586.8,18,13,19.5,8.4
contacthub,759.4,54.8,586.8,18,13,15.9,8.4
contacthub,760.4,76.8,586.8,18,13,21.4,8.4
contacthub,761.4,48.9,586.8,18,13,15.2,8.4
contacthub,762.41,52.7,586.8,18,9,19.0,8.5
contacthub,763.41,67.8,586.8,18,9,19.2,8.5
contacthub,764.41,48.9,586.8,18,9,13.7,8.5
contacthub,765.42,62.7,586.8,18,8,17.6,8.4
contacthub,766.42,40.9,586.8,18,7,13.1,8.5
contacthub,767.42,78.8,586.8,14,7,24.9,8.5
contacthub,768.43,170.5,586.8,16,12,44.2,8.5
contacthub,769.43,139.6,586.8,16,12,36.2,8.5
contacthub,770.43,157.6,586.8,16,12,41.6,8.5
contacthub,771.43,172.5,589.0,17,13,46.8,8.6
contacthub,772.44,146.6,589.1,21,16,43.3,8.6
contacthub,773.44,164.2,589.8,26,22,42.7,8.6
contacthub,774.44,172.5,590.0,32,27,46.1,8.6
contacthub,775.45,181.4,590.2,41,36,46.7,8.6
contacthub,776.45,153.5,590.3,47,43,44.3,8.6
contacthub,777.46,173.9,590.4,48,46,46.4,8.6
contacthub,778.46,165.3,590.4,48,60,42.7,8.6
contacthub,779.46,149.3,590.5,48,65,38.5,8.6
contacthub,780.47,155.4,590.5,48,71,40.6,8.6
contacthub,781.47,140.5,590.5,48,87,37.9,8.7
contacthub,782.48,121.4,591.5,48,98,35.3,8.7
contacthub,783.48,111.3,597.6,48,116,29.3,8.7
contacthub,784.49,110.4,597.6,48,136,29.6,8.7
contacthub,785.49,109.5,606.5,48,161,31.7,8.8
contacthub,786.5,108.5,630.6,48,185,32.7,8.9
contacthub,787.51,109.2,673.9,48,201,30.0,9.2
contacthub,788.51,108.4,714.0,48,201,29.0,9.5
contacthub,789.52,104.4,714.2,48,201,30.8,9.5
contacthub,790.52,110.4,717.6,49,201,42.3,9.5
contacthub,791.53,2.0,717.6,49,201,8.7,9.6
contacthub,792.53,0.0,717.6,49,201,10.7,9.3
contacthub,793.54,0.0,717.6,49,201,4.0,9.3
contacthub,794.55,0.0,717.6,49,201,6.0,9.3
contacthub,795.55,0.0,717.6,49,201,7.5,9.3
contacthub,796.56,0.0,717.6,49,201,10.2,9.4
contacthub,797.56,0.0,717.6,49,201,8.7,9.3
contacthub,798.57,1.0,717.6,49,201,15.7,9.3
contacthub,799.57,0.0,717.6,49,201,7.0,9.3
contacthub,800.59,0.0,717.6,49,201,14.5,9.3
contacthub,801.61,1.0,717.6,49,201,15.8,9.3
contacthub,802.62,0.0,717.6,49,201,11.9,9.3
contacthub,803.62,0.0,717.6,49,201,15.1,9.3
contacthub,804.64,1.0,717.6,49,201,10.9,9.3
contacthub,805.64,0.0,717.6,49,201,18.0,9.3
contacthub,806.65,0.0,717.6,49,201,20.3,9.3
contacthub,807.67,13.3,717.6,47,191,25.9,9.3
contacthub,809.8,4.8,717.6,48,193,27.8,9.3
contacthub,812.23,2.1,717.6,48,191,28.0,9.4
contacthub,814.39,0.9,717.6,48,182,26.9,9.3
contacthub,816.61,0.9,717.6,48,170,27.7,9.3
contacthub,818.65,0.5,717.6,47,201,26.8,9.4
contacthub,820.44,13.5,714.5,49,197,30.8,9.3
contacthub,823.1,0.4,714.5,49,201,26.4,9.4
contacthub,826.26,0.3,714.5,49,201,27.2,9.4
contacthub,829.07,0.0,714.5,49,201,29.8,9.2
contacthub,831.98,0.3,714.5,49,201,25.9,9.2
contacthub,834.75,0.7,714.5,49,201,28.6,9.2
contacthub,837.93,0.6,714.5,47,201,27.8,9.3
contacthub,840.9,2.0,714.5,47,187,26.5,9.3
contacthub,843.43,0.4,714.5,47,186,28.7,9.4
contacthub,846.31,0.0,714.5,47,186,26.7,9.4
contacthub,849.29,0.3,714.5,47,148,26.9,9.3
contacthub,851.57,3.1,714.5,49,161,29.6,9.4
contacthub,854.27,0.0,714.5,49,154,25.9,9.4
contacthub,857.13,0.3,714.5,49,154,27.6,9.5
contacthub,860.29,0.0,714.5,49,154,25.9,9.4
contacthub,863.14,0.7,714.5,49,154,28.3,9.5
contacthub,866.02,0.3,714.5,49,154,26.4,9.5
contacthub,869.01,1.3,714.5,47,154,27.5,9.5
contacthub,871.61,1.9,714.5,47,38,28.2,9.5
contacthub,874.08,0.4,714.5,47,76,28.3,9.2
contacthub,876.47,0.4,714.5,47,70,28.8,9.3
contacthub,879.16,0.4,714.5,47,70,26.4,9.3
contacthub,881.98,2.1,714.5,49,70,27.9,9.3
contacthub,884.63,0.4,714.5,49,70,26.6,9.3
contacthub,887.25,0.0,714.5,49,70,27.3,9.3
contacthub,889.95,0.7,714.5,49,70,28.1,9.4
contacthub,892.62,0.0,714.5,49,70,25.9,9.3
contacthub,895.32,0.4,714.5,49,70,28.3,9.3
contacthub,898.01,1.1,714.5,47,117,26.5,9.3
contacthub,899.43,14.3,709.9,50,132,32.9,9.4
contacthub,902.24,77.8,686.3,56,129,45.2,9.2
contacthub,905.12,0.0,686.3,56,95,28.1,9.2
contacthub,906.86,12.1,686.6,73,136,29.1,9.2
contacthub,909.27,8.7,671.0,73,136,32.1,9.2
contacthub,911.28,12.5,669.0,73,24,30.5,9.2
contacthub,912.46,16.3,669.0,73,14,16.2,9.2
contacthub,913.46,2.0,669.0,73,14,13.5,9.2
contacthub,914.46,12.0,669.0,73,15,9.0,9.0
contacthub,915.47,0.0,669.0,73,15,1.2,9.0
contacthub,916.47,0.0,669.0,73,15,0.5,9.0
contacthub,917.47,0.0,669.0,73,15,3.5,9.0
contacthub,918.48,0.0,669.0,73,15,4.7,9.0
contacthub,919.48,15.9,629.2,11,15,5.5,8.8
contacthub,920.48,7.0,629.2,11,16,2.5,8.8
contacthub,921.49,3.0,629.2,11,16,1.5,8.8
contacthub,922.49,0.0,629.2,11,16,1.0,8.8
contacthub,923.5,0.0,629.2,11,16,3.0,8.8
contacthub,924.5,4.0,629.1,8,16,2.5,8.8
contacthub,925.5,7.0,628.6,8,15,7.0,8.8
contacthub,926.51,7.0,628.6,8,16,3.5,8.8
contacthub,927.51,3.0,628.6,8,16,2.0,8.8
contacthub,928.51,6.0,628.6,8,16,4.7,8.8
contacthub,929.52,2.0,628.6,8,16,5.2,8.9
contacthub,930.52,17.9,628.6,8,16,5.7,8.8
contacthub,931.53,0.0,628.6,8,15,0.7,8.8
contacthub,932.53,9.0,628.6,8,14,6.0,8.9
contacthub,933.53,0.0,628.6,8,14,4.0,8.8
contacthub,934.54,0.0,628.6,8,14,1.0,8.8
contacthub,935.54,1.0,628.6,8,14,2.2,8.8
contacthub,936.54,11.0,628.6,8,16,5.3,8.8
contacthub,937.55,21.9,627.5,8,16,10.0,8.9
contacthub,938.55,31.9,616.2,9,17,9.0,8.8
contacthub,939.55,24.9,616.2,9,17,7.3,8.8
contacthub,940.56,15.9,616.2,9,17,6.7,8.8
contacthub,941.56,18.9,616.2,9,17,8.5,8.8
contacthub,942.56,11.0,616.2,9,17,4.7,8.8
contacthub,943.57,19.9,616.2,9,16,6.2,8.8
contacthub,944.57,29.9,611.0,9,16,8.7,8.8
contacthub,945.57,15.0,611.0,9,16,6.5,8.8
contacthub,946.58,12.0,611.0,9,16,8.0,8.8
contacthub,947.58,14.0,611.0,9,16,4.0,8.8
contacthub,948.58,104.7,611.0,10,18,27.3,8.8
contacthub,949.59,109.6,611.0,10,18,29.8,8.8
contacthub,950.59,93.7,614.5,10,18,29.0,8.9
contacthub,951.59,30.9,614.5,10,18,9.0,8.9
contacthub,952.6,8.0,614.5,10,18,3.5,8.8
contacthub,953.6,12.0,614.5,10,18,3.5,8.8
contacthub,954.6,14.9,614.5,10,17,6.5,8.9
contacthub,955.61,11.0,614.5,10,14,8.0,8.9
contacthub,956.61,0.0,614.5,10,14,0.5,8.9
contacthub,957.62,1.0,614.5,10,14,1.2,8.9
contacthub,958.62,11.0,614.5,10,16,7.0,8.9
contacthub,959.62,46.8,614.5,10,18,22.8,8.7
contacthub,960.63,44.8,614.5,10,18,12.2,8.7
contacthub,961.63,31.9,613.4,10,18,10.2,8.6
contacthub,962.64,52.4,613.4,10,18,18.5,8.7
contacthub,963.65,27.9,613.4,10,18,11.1,8.7
contacthub,964.65,69.8,613.4,10,18,19.2,8.7
contacthub,965.65,114.6,613.6,10,18,30.4,8.7
contacthub,966.66,144.5,613.7,14,22,38.9,8.7
contacthub,967.66,84.7,616.8,14,22,25.9,8.7
contacthub,968.66,29.9,616.8,14,22,8.7,8.7
contacthub,969.67,32.9,616.8,14,22,9.8,8.7
contacthub,970.67,21.9,616.8,14,22,9.2,8.7
contacthub,971.67,26.9,616.8,14,18,12.5,8.7
contacthub,972.68,34.9,616.8,14,17,9.7,8.7
contacthub,973.68,30.9,616.8,14,17,9.0,8.7
contacthub,974.68,23.9,616.8,14,17,9.3,8.7
contacthub,975.69,24.9,616.8,14,17,11.9,8.8
contacthub,976.69,21.9,614.7,10,17,6.3,8.8
contacthub,977.69,27.9,614.6,9,17,8.3,8.8
contacthub,978.7,9.0,614.6,9,14,4.8,8.8
contacthub,979.7,0.0,614.6,9,14,4.7,8.8
contacthub,980.7,1.0,614.6,9,14,1.2,8.8
contacthub,981.71,50.8,613.6,12,20,15.1,8.8
contacthub,982.71,85.7,613.6,12,20,23.1,8.8
contacthub,983.71,81.8,613.6,12,20,24.7,8.8
contacthub,984.71,93.7,619.5,12,20,24.6,8.8
contacthub,985.72,149.5,622.6,14,22,42.7,8.8
contacthub,986.72,140.6,623.9,14,22,37.4,8.8
contacthub,987.72,164.4,617.4,18,26,44.4,8.9
contacthub,988.73,136.6,621.1,18,26,39.2,8.9
contacthub,989.73,61.8,621.1,18,26,17.7,8.9
contacthub,990.73,55.8,621.1,18,26,15.6,8.9
contacthub,991.74,68.8,620.1,18,26,18.6,8.9
contacthub,992.74,46.7,620.1,18,26,21.7,8.7
contacthub,993.75,49.8,620.1,18,20,17.5,8.7
contacthub,994.75,75.6,620.1,18,20,20.3,8.7
contacthub,995.76,42.9,620.1,18,20,11.8,8.7
contacthub,996.76,52.8,620.1,18,20,19.9,8.7
contacthub,997.76,54.8,620.1,18,20,16.4,8.7
contacthub,998.77,64.8,619.0,12,20,18.1,8.7
contacthub,999.77,153.5,624.1,16,24,40.5,8.7
contacthub,1000.77,150.5,624.1,16,24,40.3,8.7
contacthub,1001.78,124.4,624.7,16,24,36.1,8.7
contacthub,1002.78,99.7,630.7,16,24,26.2,8.8
contacthub,1003.78,24.9,630.7,16,14,7.7,8.8
contacthub,1004.79,0.0,630.7,16,14,0.7,8.8
contacthub,1005.79,0.0,630.7,16,14,2.5,8.9
contacthub,1006.79,89.7,630.7,16,20,29.6,8.9
contacthub,1007.79,90.7,630.7,16,20,24.1,8.9
contacthub,1008.8,96.7,630.8,16,20,26.7,8.8
contacthub,1009.8,166.5,641.3,22,30,43.5,8.8
contacthub,1010.8,177.4,643.4,23,31,44.3,8.8
contacthub,1011.81,159.4,643.8,28,36,45.9,8.9
contacthub,1012.81,191.3,643.9,30,38,49.7,8.9
contacthub,1013.82,165.4,644.0,32,40,43.7,8.9
contacthub,1014.82,166.5,644.9,39,47,42.9,8.9
contacthub,1015.82,158.5,645.0,47,45,44.1,9.0
contacthub,1016.83,158.5,645.1,48,58,44.2,9.0
contacthub,1017.83,133.5,645.7,48,71,34.2,9.0
contacthub,1018.83,100.6,649.0,48,94,27.5,9.0
contacthub,1019.84,33.9,652.0,48,111,12.0,9.0
contacthub,1020.84,2.0,652.0,48,140,6.0,9.1
contacthub,1021.85,11.9,652.0,48,159,5.7,9.1
contacthub,1022.85,5.0,652.0,48,193,4.0,9.0
contacthub,1023.86,1.0,652.0,48,201,4.5,9.1
contacthub,1024.87,0.0,652.0,48,201,7.0,9.1
contacthub,1025.88,0.0,652.0,48,201,8.1,9.1
contacthub,1026.89,1.0,652.0,48,201,1.2,9.1
contacthub,1027.9,0.0,652.0,48,201,2.7,9.1
contacthub,1028.91,0.0,652.0,48,201,4.7,9.2
contacthub,1029.91,0.0,652.0,48,201,1.0,9.2
contacthub,1030.92,0.0,652.0,48,201,0.3,9.2
contacthub,1031.92,1.0,652.0,48,201,2.2,9.2
contacthub,1032.93,0.0,652.0,48,201,5.5,9.2
contacthub,1033.93,0.0,652.0,48,201,5.0,9.2
contacthub,1034.94,0.0,652.0,48,201,2.2,8.9
contacthub,1035.95,0.0,652.0,48,201,1.0,8.8
contacthub,1036.95,0.0,652.0,48,201,2.5,8.9
contacthub,1037.96,1.0,652.0,48,201,4.5,8.9
contacthub,1038.96,0.0,652.0,48,201,1.2,8.9
contacthub,1039.97,0.0,652.0,48,201,1.2,8.9
contacthub,1040.97,0.0,652.0,48,201,0.3,8.9
contacthub,1041.98,0.0,652.0,48,201,4.3,8.9
contacthub,1042.98,0.0,652.0,48,201,2.7,8.9
contacthub,1043.99,1.0,652.0,48,201,1.0,8.9
contacthub,1045.0,8.9,652.0,49,197,6.7,8.9
contacthub,1046.47,36.7,652.1,49,201,22.5,8.9
contacthub,1047.48,6.0,652.1,49,201,7.2,9.0
contacthub,1048.49,4.0,652.1,49,201,3.0,8.9
contacthub,1049.49,1.0,652.1,49,181,1.5,8.9
contacthub,1050.5,0.0,652.1,49,155,3.7,9.0
contacthub,1051.5,0.0,652.1,49,131,5.5,9.0
contacthub,1052.51,1.0,652.1,49,106,1.2,9.0
contacthub,1053.51,0.0,652.1,49,85,1.8,9.0
contacthub,1054.52,1.0,652.1,49,85,3.0,9.1
contacthub,1055.52,0.0,652.1,49,85,4.7,9.1
contacthub,1056.53,0.0,652.1,49,85,0.7,9.0
contacthub,1057.53,0.0,652.1,49,85,1.2,9.0
contacthub,1058.54,0.0,652.1,49,85,3.0,9.1
contacthub,1059.54,0.0,652.1,49,85,4.3,9.1
contacthub,1060.55,0.0,652.1,49,85,0.7,9.1
contacthub,1061.55,1.0,652.1,49,85,0.7,9.0
contacthub,1062.55,0.0,652.1,49,85,1.2,9.0
contacthub,1063.56,0.0,652.1,49,85,2.0,9.1
contacthub,1064.56,2.0,652.1,49,85,6.2,9.1
contacthub,1065.57,0.0,652.1,49,85,1.0,9.1
contacthub,1066.57,0.0,652.1,49,85,1.0,9.1
contacthub,1067.58,1.0,652.1,49,85,1.0,9.1
contacthub,1068.58,0.0,652.1,49,85,3.7,9.1
contacthub,1069.59,0.0,652.1,49,85,5.0,9.1
contacthub,1070.59,0.0,652.1,49,85,0.7,9.1
contacthub,1071.6,0.0,652.1,49,85,1.0,9.1
contacthub,1072.6,0.0,652.1,49,85,3.2,9.2
contacthub,1073.6,1.0,652.1,49,85,6.8,9.2
contacthub,1074.61,0.0,652.1,49,80,3.0,8.9
contacthub,1075.61,5.0,652.1,49,62,2.5,8.9
contacthub,1076.62,3.0,652.1,49,39,3.5,8.8
contacthub,1077.62,5.0,652.1,49,19,8.1,8.9
contacthub,1078.62,1.0,652.1,49,4,1.0,8.8
contacthub,1079.63,0.0,652.1,49,4,1.0,8.8
contacthub,1080.63,0.0,652.1,49,3,3.2,8.9
contacthub,1081.63,1.0,652.1,49,3,3.8,8.9
contacthub,1082.64,0.0,652.1,49,3,1.0,8.9
contacthub,1083.64,0.0,652.1,49,2,0.5,8.9
contacthub,1084.64,0.0,652.1,49,2,2.5,8.9
contacthub,1085.65,0.0,652.1,49,2,5.5,9.0
contacthub,1086.65,0.0,652.1,49,2,1.0,8.9
contacthub,1087.65,1.0,652.1,49,2,0.5,8.9
contacthub,1088.66,0.0,652.1,49,2,0.5,8.9
contacthub,1089.66,0.0,652.1,49,2,3.3,9.0
contacthub,1090.66,0.0,652.1,49,2,4.0,9.0
contacthub,1091.66,0.0,652.1,49,2,1.0,8.9
contacthub,1092.67,0.0,652.1,49,2,0.5,8.9
contacthub,1093.67,0.0,652.1,49,2,3.2,9.0
contacthub,1094.67,2.0,652.1,49,2,5.0,9.0
contacthub,1095.68,0.0,652.1,49,2,0.5,9.0
contacthub,1096.68,0.0,652.1,49,2,0.5,9.0
contacthub,1097.68,0.0,652.1,49,2,0.5,9.0
contacthub,1098.69,1.0,652.1,49,2,2.5,9.1
contacthub,1099.69,0.0,652.1,49,2,5.2,9.1
contacthub,1100.69,0.0,652.1,49,2,0.3,9.1
contacthub,1101.7,0.0,652.1,49,2,1.7,9.1
contacthub,1102.7,0.0,652.1,49,2,2.0,9.1
contacthub,1103.7,0.0,652.1,49,2,3.0,9.1
contacthub,1104.71,0.0,652.1,49,2,1.2,9.1
contacthub,1105.71,6.0,652.1,49,2,2.5,9.1
contacthub,1106.72,3.0,651.0,49,2,3.7,9.1
contacthub,1107.72,4.0,651.0,49,2,6.5,9.1
contacthub,1108.72,0.0,651.0,49,2,1.2,9.1
contacthub,1109.72,1.0,651.0,49,2,0.5,9.1
contacthub,1110.73,0.0,651.0,49,1,3.0,9.1
contacthub,1111.73,0.0,651.0,49,1,4.8,9.2
contacthub,1112.73,1.0,651.0,49,2,5.5,9.1
contacthub,1113.74,0.0,651.0,49,2,2.5,8.8
contacthub,1114.74,0.0,651.0,49,2,0.8,8.8
contacthub,1115.74,0.0,651.0,49,1,2.5,8.9
contacthub,1116.75,2.0,651.0,49,1,5.7,9.0
contacthub,1117.75,0.0,651.0,49,2,2.7,9.0
contacthub,1118.75,0.0,651.0,49,2,0.7,8.9
contacthub,1119.76,1.0,651.0,49,2,2.5,8.9
contacthub,1120.76,1.0,651.0,49,1,5.5,8.9
contacthub,1121.76,0.0,651.0,49,1,1.2,8.9
contacthub,1122.77,0.0,651.0,49,2,2.0,8.9
contacthub,1123.77,0.0,651.0,49,2,1.7,8.9
contacthub,1124.77,0.0,651.0,49,2,3.0,8.9
contacthub,1125.78,0.0,651.0,49,1,4.2,8.9
contacthub,1126.78,1.0,651.0,49,1,1.2,8.9
contacthub,1127.78,0.0,651.0,49,2,2.2,8.9
contacthub,1128.79,0.0,651.0,49,2,2.2,9.0
contacthub,1129.79,2.0,651.0,49,2,5.2,9.0
contacthub,1130.79,0.0,651.0,49,1,1.0,9.0
contacthub,1131.8,1.0,651.0,49,1,0.5,9.0
contacthub,1132.8,0.0,651.0,49,2,4.0,9.0
contacthub,1133.8,0.0,651.0,49,2,4.3,9.1
contacthub,1134.81,0.0,651.0,49,2,1.0,9.1
contacthub,1135.81,6.0,651.0,49,1,2.3,9.1
contacthub,1136.81,3.0,651.0,49,1,2.5,9.1
contacthub,1137.81,50.9,651.1,50,2,21.1,9.1
contacthub,1138.82,44.9,651.1,50,2,12.9,9.1
contacthub,1139.82,0.0,651.1,50,2,0.5,9.1
contacthub,1140.82,0.0,651.1,50,1,1.2,9.1
contacthub,1141.83,0.0,651.1,50,1,2.5,9.1
contacthub,1142.83,3.0,651.1,50,2,6.5,9.1
contacthub,1143.83,0.0,651.1,50,2,1.0,9.1
contacthub,1144.84,0.0,651.1,50,2,0.7,9.1
contacthub,1145.84,0.0,651.1,50,1,1.5,9.1
contacthub,1146.84,0.0,651.1,50,1,2.5,9.2
contacthub,1147.85,2.0,651.1,50,2,6.5,9.1
contacthub,1148.85,1.0,651.1,50,2,0.2,9.1
contacthub,1149.85,0.0,651.1,50,2,0.5,9.1
contacthub,1150.85,0.0,651.1,50,1,2.3,9.1
contacthub,1151.86,0.0,651.1,50,1,4.3,9.2
contacthub,1152.86,0.0,651.1,50,2,7.7,8.8
contacthub,1153.86,1.0,651.1,50,2,1.2,8.8
contacthub,1154.87,0.0,651.1,50,2,3.2,8.8
contacthub,1155.87,0.0,651.1,50,1,0.0,8.8
contacthub,1156.87,1.0,651.1,50,1,6.3,8.9
contacthub,1157.88,0.0,651.1,50,2,1.7,8.9
contacthub,1158.88,0.0,651.1,50,2,1.2,8.9
contacthub,1159.88,0.0,651.1,50,2,2.5,8.9
contacthub,1160.89,1.0,651.1,50,1,4.7,9.0
contacthub,1161.89,0.0,651.1,50,1,1.2,9.0
contacthub,1162.89,0.0,651.1,50,2,2.0,9.0
contacthub,1163.9,0.0,651.1,50,2,3.0,8.9
contacthub,1164.9,2.0,651.1,50,2,5.3,9.0
contacthub,1165.9,7.0,651.1,47,1,2.5,9.0
contacthub,1166.9,4.0,651.1,49,1,1.5,9.0
contacthub,1167.91,5.0,651.1,49,2,4.5,8.9
contacthub,1168.91,3.0,651.1,49,2,5.0,9.0
contacthub,1169.92,0.0,651.1,49,2,1.0,8.9
contacthub,1170.92,0.0,651.1,49,1,0.7,8.9
contacthub,1171.92,0.0,651.1,49,1,2.5,9.0
contacthub,1172.93,2.0,651.1,49,2,7.5,9.0
contacthub,1173.93,0.0,651.1,49,2,1.2,9.0
contacthub,1174.93,0.0,651.1,49,2,0.3,9.0
contacthub,1175.94,0.0,651.1,49,1,2.0,9.1
contacthub,1176.94,3.0,651.1,49,1,6.7,9.1
contacthub,1177.94,0.0,651.1,49,2,2.3,9.0
contacthub,1178.94,0.0,651.1,49,2,0.7,9.0
contacthub,1179.95,0.0,651.1,49,2,2.0,9.1
contacthub,1180.95,0.0,651.1,49,1,5.0,9.1
contacthub,1181.95,0.0,651.1,49,1,0.5,9.1
contacthub,1182.96,1.0,651.1,49,2,1.7,9.1
contacthub,1183.96,0.0,651.1,49,2,0.5,9.1
contacthub,1184.96,0.0,651.1,49,2,2.0,9.2
contacthub,1185.96,2.0,651.1,49,1,6.2,9.2
contacthub,1186.97,0.0,651.1,49,1,1.5,9.2
contacthub,1187.97,0.0,651.1,49,2,2.0,9.2
contacthub,1188.97,0.0,651.1,49,2,2.5,9.2
contacthub,1189.98,0.0,651.1,49,2,6.2,9.2
contacthub,1190.98,1.0,651.1,49,1,5.2,8.8
contacthub,1191.98,0.0,651.1,49,1,0.5,8.8
contacthub,1192.99,0.0,651.1,49,2,3.0,8.8
contacthub,1193.99,0.0,651.1,49,2,2.3,8.9
contacthub,1194.99,2.0,651.1,49,2,6.7,8.9
contacthub,1196.0,3.0,651.1,47,1,2.0,8.9
contacthub,1197.0,6.0,651.1,48,1,2.2,8.9
contacthub,1198.0,53.9,651.1,49,2,18.2,8.9
contacthub,1199.0,172.5,651.2,50,2,50.4,8.9
contacthub,1200.01,136.6,651.2,50,1,33.9,8.9
contacthub,1201.01,99.7,659.8,50,1,25.9,8.9
contacthub,1202.01,93.7,647.2,50,1,28.1,9.0
contacthub,1203.02,2.0,647.2,50,1,18.5,9.0
